-- phpMyAdmin SQL Dump
-- version 5.2.1
-- https://www.phpmyadmin.net/
--
-- Servidor: 127.0.0.1
-- Tiempo de generación: 24-06-2026 a las 23:35:21
-- Versión del servidor: 10.4.32-MariaDB
-- Versión de PHP: 8.2.12

SET SQL_MODE = "NO_AUTO_VALUE_ON_ZERO";
START TRANSACTION;
SET time_zone = "+00:00";


/*!40101 SET @OLD_CHARACTER_SET_CLIENT=@@CHARACTER_SET_CLIENT */;
/*!40101 SET @OLD_CHARACTER_SET_RESULTS=@@CHARACTER_SET_RESULTS */;
/*!40101 SET @OLD_COLLATION_CONNECTION=@@COLLATION_CONNECTION */;
/*!40101 SET NAMES utf8mb4 */;

--
-- Base de datos: `db_seguridad`
--

-- --------------------------------------------------------

--
-- Estructura de tabla para la tabla `roles`
--

CREATE TABLE `roles` (
  `id` bigint(20) NOT NULL,
  `nombre_rol` varchar(255) NOT NULL
) ENGINE=InnoDB DEFAULT CHARSET=utf8mb4 COLLATE=utf8mb4_general_ci;

--
-- Volcado de datos para la tabla `roles`
--

INSERT INTO `roles` (`id`, `nombre_rol`) VALUES
(3, 'ADMINISTRADOR'),
(1, 'CLIENTE'),
(2, 'FOTOGRAFO');

-- --------------------------------------------------------

--
-- Estructura de tabla para la tabla `usuarios`
--

CREATE TABLE `usuarios` (
  `id` bigint(20) NOT NULL,
  `nombre_usuario` varchar(255) NOT NULL,
  `contrasena` varchar(255) NOT NULL,
  `correo` varchar(255) NOT NULL
) ENGINE=InnoDB DEFAULT CHARSET=utf8mb4 COLLATE=utf8mb4_general_ci;

--
-- Volcado de datos para la tabla `usuarios`
--

INSERT INTO `usuarios` (`id`, `nombre_usuario`, `contrasena`, `correo`) VALUES
(1, 'carlos_cliente', '$2a$10$pHVOtoP14FVEWHYXq11af.qtyUlHD/VmICP5u86KS0jQlDpYlpxw.', 'carlos@gmail.com'),
(2, 'ana_fotografa', '$2a$10$cmWbd8rRXTF0Bwkv6hBJFuAgyo3UpXs0N0esjW3TSEz.9cfP4aZXK', 'ana@estudio.com'),
(3, 'test_cliente', '$2a$10$1EZEf4ywK6joDLtMPJGtpO9ClRnaoj2ckm5v32T9e/YMTAojcJQyq', 'test@correo.com'),
(4, 'lucas_fotografia', '$2a$10$NxDfrHxhnK6HEs1GIJqaHuwyOWKFbjxIZJZmfc93dEwCbAkoSnHPe', 'lucas@estudio.com'),
(5, 'juan_fotografia', '$2a$10$ApxyG1Eac6Y3/jTZDA4H5ud6CjWugFtfFYaTBMYgMQ1IIczbVhHgi', 'Juan@estudio.com');

-- --------------------------------------------------------

--
-- Estructura de tabla para la tabla `usuario_roles`
--

CREATE TABLE `usuario_roles` (
  `usuario_id` bigint(20) NOT NULL,
  `rol_id` bigint(20) NOT NULL
) ENGINE=InnoDB DEFAULT CHARSET=utf8mb4 COLLATE=utf8mb4_general_ci;

--
-- Volcado de datos para la tabla `usuario_roles`
--

INSERT INTO `usuario_roles` (`usuario_id`, `rol_id`) VALUES
(1, 1),
(2, 2),
(3, 1),
(4, 1),
(5, 2);

--
-- Índices para tablas volcadas
--

--
-- Indices de la tabla `roles`
--
ALTER TABLE `roles`
  ADD PRIMARY KEY (`id`),
  ADD UNIQUE KEY `nombre_rol` (`nombre_rol`);

--
-- Indices de la tabla `usuarios`
--
ALTER TABLE `usuarios`
  ADD PRIMARY KEY (`id`),
  ADD UNIQUE KEY `nombre_usuario` (`nombre_usuario`),
  ADD UNIQUE KEY `correo` (`correo`);

--
-- Indices de la tabla `usuario_roles`
--
ALTER TABLE `usuario_roles`
  ADD PRIMARY KEY (`usuario_id`,`rol_id`),
  ADD KEY `rol_id` (`rol_id`);

--
-- AUTO_INCREMENT de las tablas volcadas
--

--
-- AUTO_INCREMENT de la tabla `roles`
--
ALTER TABLE `roles`
  MODIFY `id` bigint(20) NOT NULL AUTO_INCREMENT, AUTO_INCREMENT=4;

--
-- AUTO_INCREMENT de la tabla `usuarios`
--
ALTER TABLE `usuarios`
  MODIFY `id` bigint(20) NOT NULL AUTO_INCREMENT, AUTO_INCREMENT=6;

--
-- Restricciones para tablas volcadas
--

--
-- Filtros para la tabla `usuario_roles`
--
ALTER TABLE `usuario_roles`
  ADD CONSTRAINT `usuario_roles_ibfk_1` FOREIGN KEY (`usuario_id`) REFERENCES `usuarios` (`id`),
  ADD CONSTRAINT `usuario_roles_ibfk_2` FOREIGN KEY (`rol_id`) REFERENCES `roles` (`id`);
COMMIT;

/*!40101 SET CHARACTER_SET_CLIENT=@OLD_CHARACTER_SET_CLIENT */;
/*!40101 SET CHARACTER_SET_RESULTS=@OLD_CHARACTER_SET_RESULTS */;
/*!40101 SET COLLATION_CONNECTION=@OLD_COLLATION_CONNECTION */;
